Method,Dataset,Model,Accuracy,Precision,Recall,F1_Score,ROC_AUC,PR_AUC,G_Mean,BAcc
Borderline-SMOTE,shuttle-c0-vs-c4-5,KNN,0.9989071038251366,0.992,0.992,0.9918367346938777,0.9996954191033138,0.9916805555555556,0.9956665677077965,0.9957076023391813
Borderline-SMOTE,shuttle-c0-vs-c4-5,RandomForest,1.0,1.0,1.0,1.0,1.0,1.0,1.0,1.0
Borderline-SMOTE,shuttle-c0-vs-c4-5,SVM,0.967723632008384,0.6,0.517,0.5497645211930926,0.9997086999022484,0.9952245644879367,0.5540730624310732,0.7585
