Method,Dataset,Model,Accuracy,Precision,Recall,F1_Score,ROC_AUC,PR_AUC,G_Mean,BAcc
Borderline-SMOTE,yeast4-5,KNN,0.9285626535626536,0.25644252873563217,0.569090909090909,0.3503296703296704,0.8216824306513886,0.23238897187365976,0.7241669313870204,0.7552272118125776
Borderline-SMOTE,yeast4-5,RandomForest,0.9575439075439076,0.40165390165390163,0.43272727272727274,0.40075102504770027,0.917806572584843,0.39634940218612197,0.6371403132683963,0.7044998903535488
Borderline-SMOTE,yeast4-5,SVM,0.9157657657657658,0.2479683687567981,0.7036363636363637,0.3654545454545454,0.8909308872945235,0.46537639951152093,0.8040812416771687,0.8134382690480251
