Method,Dataset,Model,Accuracy,Precision,Recall,F1_Score,ROC_AUC,PR_AUC,G_Mean,BAcc
Borderline-SMOTE,glass5-5,KNN,0.939313399778516,0.3333333333333333,0.7,0.44333333333333336,0.9365853658536587,0.6963178294573643,0.7201856827784109,0.8256097560975609
Borderline-SMOTE,glass5-5,RandomForest,0.9813953488372092,0.8,0.6,0.6666666666666666,0.9975609756097562,0.9666666666666666,0.682842712474619,0.8
Borderline-SMOTE,glass5-5,SVM,0.8085271317829458,0.11492063492063491,0.5,0.1851455733808675,0.6682926829268292,0.10403505409319362,0.48430066117962545,0.6597560975609756
