Method,Dataset,Model,Accuracy,Precision,Recall,F1_Score,ROC_AUC,PR_AUC,G_Mean,BAcc
Borderline-SMOTE,yeast1-5,KNN,0.6967740467740468,0.4837251301081289,0.7203009575923393,0.5787164648304933,0.7446321017109587,0.4756195545304637,0.7034983188524718,0.7037523745307668
Borderline-SMOTE,yeast1-5,RandomForest,0.7715647465647465,0.6013779377588901,0.6361969904240766,0.6166014865819468,0.8053263399485221,0.6159079746072399,0.7242582629023879,0.731368637392133
Borderline-SMOTE,yeast1-5,SVM,0.6583606333606333,0.45188621718712474,0.8344186046511629,0.5858808260193135,0.797103688383763,0.6062779210712566,0.6991748946355543,0.7105742312355339
