Method,Dataset,Model,Accuracy,Precision,Recall,F1_Score,ROC_AUC,PR_AUC,G_Mean,BAcc
Borderline-SMOTE,yeast6-5,KNN,0.9615911365911366,0.3531862745098039,0.7714285714285715,0.483090631717634,0.9099884091567662,0.3698651270744867,0.8594247094245835,0.86880580223976
Borderline-SMOTE,yeast6-5,RandomForest,0.9797820547820546,0.6044444444444445,0.5428571428571428,0.5373763955342903,0.9114001056812178,0.543983408470986,0.7152784530146574,0.7665985988715973
Borderline-SMOTE,yeast6-5,SVM,0.9467626717626718,0.274989898989899,0.7714285714285715,0.40298589341692787,0.9367204731791297,0.5282004274191733,0.8523474091180571,0.8612124362929757
