Method,Dataset,Model,Accuracy,Precision,Recall,F1_Score,ROC_AUC,PR_AUC,G_Mean,BAcc
Borderline-SMOTE,yeast3-5,KNN,0.9123873873873874,0.5690197890858268,0.8647727272727274,0.6853573917386572,0.9304450473322419,0.6281722141113765,0.8908515388172976,0.8915072898799312
Borderline-SMOTE,yeast3-5,RandomForest,0.9481094731094732,0.7302493239335345,0.8344696969696969,0.7786330943890111,0.9627054732033024,0.7923954059897979,0.8954473392615281,0.8983083190394512
Borderline-SMOTE,yeast3-5,SVM,0.9130903630903632,0.570039299459213,0.9206439393939394,0.7027398444252376,0.968427689199023,0.8064485152231278,0.9163071215013658,0.9164211692395654
