Method,Dataset,Model,Accuracy,Precision,Recall,F1_Score,ROC_AUC,PR_AUC,G_Mean,BAcc
hybrid_sampling,yeast1-5,KNN,0.6893620893620893,0.4727420645177972,0.6573461012311902,0.549791070930742,0.7384325827763046,0.4783239757304343,0.6790549103408697,0.6798578847388177
hybrid_sampling,yeast1-5,RandomForest,0.7809991809991811,0.6321819333739187,0.5942544459644322,0.6102754953299064,0.813187414500684,0.6498299473879359,0.712242493011932,0.7255632419395621
hybrid_sampling,yeast1-5,SVM,0.7183137683137683,0.5097614912460491,0.7481258549931601,0.6060627221911445,0.8002795625028364,0.6053592137617689,0.7266084430497634,0.7271434962169592
