Method,Dataset,Model,Accuracy,Precision,Recall,F1_Score,ROC_AUC,PR_AUC,G_Mean,BAcc
hybrid_sampling,yeast3-5,KNN,0.913065338065338,0.572959025002651,0.8524621212121213,0.6837579678985302,0.9151090788350918,0.610534383314038,0.8854570368828465,0.8864912092624359
hybrid_sampling,yeast3-5,RandomForest,0.9494653744653745,0.7627050427050428,0.7856060606060605,0.772991121647838,0.9655399811797217,0.8359332481652724,0.8720616274753713,0.8776629502572899
hybrid_sampling,yeast3-5,SVM,0.9258872508872509,0.6150574563863601,0.9022727272727273,0.7302905885062495,0.970923628437029,0.8153421343528005,0.9153466833713544,0.9155574614065181
