Method,Dataset,Model,Accuracy,Precision,Recall,F1_Score,ROC_AUC,PR_AUC,G_Mean,BAcc
hybrid_sampling,poker-8-9_vs_6-5,KNN,0.9696969696969697,0.2545454545454545,0.32,0.2607142857142857,0.6876712328767123,0.24114862914862917,0.49223145545459435,0.6504109589041096
hybrid_sampling,poker-8-9_vs_6-5,RandomForest,0.9838383838383837,0.2,0.04,0.06666666666666667,0.9732876712328767,0.7195274043405093,0.08944271909999159,0.52
hybrid_sampling,poker-8-9_vs_6-5,SVM,0.9239057239057239,0.0894084249084249,0.4,0.145572019378471,0.667945205479452,0.1503694520877563,0.5894850903164766,0.6664383561643835
