Method,Dataset,Model,Accuracy,Precision,Recall,F1_Score,ROC_AUC,PR_AUC,G_Mean,BAcc
hybrid_sampling,yeast6-5,KNN,0.9588952588952588,0.3261904761904762,0.7142857142857143,0.44765669113495205,0.895405594286396,0.35985712165361416,0.8232614123499588,0.8395447184959177
hybrid_sampling,yeast6-5,RandomForest,0.981128856128856,0.61,0.48571428571428565,0.5171717171717172,0.9198109669831422,0.5794327389996082,0.6692306805651402,0.7394076738200351
hybrid_sampling,yeast6-5,SVM,0.921830921830922,0.21343897181625376,0.8571428571428571,0.3411313638537455,0.9396798881824535,0.5273934706787207,0.8870336722152817,0.8902681234765712
