Method,Dataset,Model,Accuracy,Precision,Recall,F1_Score,ROC_AUC,PR_AUC,G_Mean,BAcc
hybrid_sampling,yeast4-5,KNN,0.935976885976886,0.27,0.5490909090909091,0.35848887355528725,0.7933559345311008,0.24070200742781073,0.7068060093066958,0.7494193611266782
hybrid_sampling,yeast4-5,RandomForest,0.9663117663117664,0.5583333333333333,0.19636363636363635,0.2682539682539683,0.934026605323723,0.41355127206575837,0.3783867373430818,0.5950410565044711
hybrid_sampling,yeast4-5,SVM,0.876014651014651,0.17791201424780553,0.7236363636363636,0.2855565938210619,0.8987132822831271,0.43459906563960793,0.7965430658866608,0.8025018883555468
