Method,Dataset,Model,Accuracy,Precision,Recall,F1_Score,ROC_AUC,PR_AUC,G_Mean,BAcc
original,yeast4-5,KNN,0.9649581399581401,0.4666666666666667,0.15454545454545454,0.2146969696969697,0.7943751592088621,0.2928412181998389,0.3451159233276642,0.5741307473014791
original,yeast4-5,RandomForest,0.9676540176540176,0.6,0.13636363636363638,0.20623543123543123,0.9206071976803685,0.4073355838267111,0.3206295756619338,0.566784435077118
original,yeast4-5,SVM,0.9656338156338157,0.0,0.0,0.0,0.8531867024328221,0.4215194137263948,0.0,0.5
