Method,Dataset,Model,Accuracy,Precision,Recall,F1_Score,ROC_AUC,PR_AUC,G_Mean,BAcc
original,poker-8-9_vs_6-5,KNN,0.983164983164983,0.0,0.0,0.0,0.6830821917808219,0.11427204374572794,0.0,0.5
original,poker-8-9_vs_6-5,RandomForest,0.983164983164983,0.0,0.0,0.0,0.96013698630137,0.8114035594035593,0.0,0.5
original,poker-8-9_vs_6-5,SVM,0.983164983164983,0.0,0.0,0.0,0.5078082191780823,0.23356542763274257,0.0,0.5
