Method,Dataset,Model,Accuracy,Precision,Recall,F1_Score,ROC_AUC,PR_AUC,G_Mean,BAcc
original,yeast3-5,KNN,0.9467694967694967,0.8119047619047619,0.675,0.7362438884095484,0.9249220888667983,0.7187671305149471,0.8132849538669118,0.8276615208690681
original,yeast3-5,RandomForest,0.9447492947492948,0.7870036058273593,0.6804924242424242,0.7274625975446096,0.9706159688653256,0.8316065528249659,0.8133528868288046,0.8288925814751288
original,yeast3-5,SVM,0.9514855764855765,0.8329698398663916,0.6990530303030302,0.7598009087309817,0.9754921318675607,0.8267840214648663,0.8284945955204641,0.8408229702687249
