Method,Dataset,Model,Accuracy,Precision,Recall,F1_Score,ROC_AUC,PR_AUC,G_Mean,BAcc
original,phoneme-5,KNN,0.8810139788261898,0.8177255613473745,0.7654226930936651,0.7905359031772633,0.928785379379914,0.8323696909535047,0.8431758046855627,0.8472226446056113
original,phoneme-5,RandomForest,0.9095136533388153,0.8518863274700482,0.8379342499454397,0.8444353580364814,0.9605375270878465,0.9155758397371999,0.8869641022461365,0.8885851936325292
original,phoneme-5,SVM,0.8410441292356186,0.7302444997736087,0.7288633613078586,0.7291537537375401,0.9062570543257715,0.801312816796974,0.8042168681139076,0.8082499990855817
