Method,Dataset,Model,Accuracy,Precision,Recall,F1_Score,ROC_AUC,PR_AUC,G_Mean,BAcc
oversampling,yeast1-5,KNN,0.6893620893620893,0.4727420645177972,0.6573461012311902,0.549791070930742,0.7382231702335955,0.47743770233281657,0.6790549103408697,0.6798578847388177
oversampling,yeast1-5,RandomForest,0.7762922012922012,0.6244144790451873,0.5733515731874144,0.5963885481368979,0.8119978475243288,0.6382559961961746,0.7006520129337287,0.7160596728496313
oversampling,yeast1-5,SVM,0.7183137683137683,0.5097614912460491,0.7481258549931601,0.6060627221911445,0.8003128869755771,0.605397409033264,0.7266084430497634,0.7271434962169592
