Method,Dataset,Model,Accuracy,Precision,Recall,F1_Score,ROC_AUC,PR_AUC,G_Mean,BAcc
oversampling,yeast6-5,KNN,0.9588952588952588,0.3261904761904762,0.7142857142857143,0.44765669113495205,0.895405594286396,0.35985712165361416,0.8232614123499588,0.8395447184959177
oversampling,yeast6-5,RandomForest,0.9804554554554553,0.5992857142857143,0.48571428571428565,0.5177045177045176,0.8889677331378799,0.5811886632748079,0.6751946836697194,0.7390628462338281
oversampling,yeast6-5,SVM,0.921830921830922,0.21343897181625376,0.8571428571428571,0.3411313638537455,0.9396798881824535,0.5273934706787207,0.8870336722152817,0.8902681234765712
