Method,Dataset,Model,Accuracy,Precision,Recall,F1_Score,ROC_AUC,PR_AUC,G_Mean,BAcc
oversampling,shuttle-c0-vs-c4-5,KNN,0.9994535519125683,1.0,0.992,0.9959183673469388,1.0,1.0,0.9959591794226542,0.9960000000000001
oversampling,shuttle-c0-vs-c4-5,RandomForest,1.0,1.0,1.0,1.0,1.0,1.0,1.0,1.0
oversampling,shuttle-c0-vs-c4-5,SVM,0.9978142076502732,0.9851851851851852,0.9836666666666666,0.9839707405056949,1.0,1.0,0.9911608087162774,0.9912468230694037
