Method,Dataset,Model,Accuracy,Precision,Recall,F1_Score,ROC_AUC,PR_AUC,G_Mean,BAcc
SMOTE+ENN,yeast6-5,KNN,0.9036309036309037,0.17881435510745855,0.8285714285714285,0.29253342061691207,0.9076629110061875,0.252974094391574,0.8623704612257242,0.8670073465491674
SMOTE+ENN,yeast6-5,RandomForest,0.9676471926471926,0.38992424242424245,0.6857142857142857,0.4940817516938125,0.9456561610445396,0.5976034028062538,0.8056280713429282,0.8300877835921388
SMOTE+ENN,yeast6-5,SVM,0.9204886704886706,0.20726593667770138,0.8285714285714285,0.3304719180878089,0.9439221368060406,0.6118830996513438,0.87235656685803,0.8756399679547275
