Method,Dataset,Model,Accuracy,Precision,Recall,F1_Score,ROC_AUC,PR_AUC,G_Mean,BAcc
SMOTE+ENN,shuttle-c0-vs-c4-5,KNN,0.9994535519125683,1.0,0.992,0.9959183673469388,1.0,1.0,0.9959591794226542,0.9960000000000001
SMOTE+ENN,shuttle-c0-vs-c4-5,RandomForest,1.0,1.0,1.0,1.0,1.0,1.0,1.0,1.0
SMOTE+ENN,shuttle-c0-vs-c4-5,SVM,0.9983606557377049,0.9771851851851853,1.0,0.988226059654631,1.0,1.0,0.9991200155042531,0.9991210920752517
