Method,Dataset,Model,Accuracy,Precision,Recall,F1_Score,ROC_AUC,PR_AUC,G_Mean,BAcc
SMOTE,yeast4-5,KNN,0.9036354536354537,0.2039318885448916,0.6472727272727272,0.307720987990853,0.8303294931232849,0.21038526636451932,0.7570634960787931,0.7800165687970566
SMOTE,yeast4-5,RandomForest,0.9521544271544272,0.35155535898569956,0.4745454545454545,0.3937836929488472,0.9107477001933765,0.3856524905565905,0.666700682507052,0.7219197875295436
SMOTE,yeast4-5,SVM,0.8787128037128037,0.18391527949649383,0.7236363636363636,0.29291863198368595,0.8992758904067107,0.4619242363749101,0.7980475276238099,0.8039029263419508
