Method,Dataset,Model,Accuracy,Precision,Recall,F1_Score,ROC_AUC,PR_AUC,G_Mean,BAcc
SMOTE,yeast3-5,KNN,0.9164391664391666,0.581719493275755,0.8647727272727274,0.6943964678881238,0.9330266239799366,0.6694693573790034,0.8928678802183996,0.8937785877644367
SMOTE,yeast3-5,RandomForest,0.948114023114023,0.736284736749133,0.8223484848484848,0.7765556784357452,0.9666295404733442,0.8186304275701108,0.8897928309399751,0.8930067181246427
SMOTE,yeast3-5,SVM,0.9339748839748839,0.6501914135031646,0.8780303030303032,0.7462873399715505,0.9715257934187502,0.8110703590955293,0.9085647325315918,0.9094954259576902
