Method,Dataset,Model,Accuracy,Precision,Recall,F1_Score,ROC_AUC,PR_AUC,G_Mean,BAcc
SMOTE,phoneme-5,KNN,0.8680616370301847,0.7310720713823577,0.8707319008789159,0.794799285904188,0.9331518947892953,0.8391398391090001,0.8688203549043463,0.868840523803075
SMOTE,phoneme-5,RandomForest,0.9019267139479906,0.8044884034178985,0.8801916552586155,0.8405213018610158,0.9608375794956565,0.9139092821941691,0.8954043251750375,0.8955726242368023
SMOTE,phoneme-5,SVM,0.8056997978552095,0.6145910350708454,0.9066801579271075,0.7325630020608715,0.914134547679673,0.8020264547364253,0.8321333151584962,0.8352160096038344
