Method,Dataset,Model,Accuracy,Precision,Recall,F1_Score,ROC_AUC,PR_AUC,G_Mean,BAcc
SMOTE,poker-8-9_vs_6-5,KNN,0.898989898989899,0.07561128526645768,0.43999999999999995,0.1286477631988468,0.7170547945205479,0.11192883620133412,0.629191136721901,0.6734246575342466
SMOTE,poker-8-9_vs_6-5,RandomForest,0.9932659932659933,1.0,0.6,0.7285714285714284,0.9834246575342466,0.9007715813598167,0.7628208805100638,0.8
SMOTE,poker-8-9_vs_6-5,SVM,0.8673400673400673,0.043150539391958155,0.32,0.07585175702066002,0.6341095890410959,0.06283040812219183,0.5226376089595322,0.5983561643835617
