Method,Dataset,Model,Accuracy,Precision,Recall,F1_Score,ROC_AUC,PR_AUC,G_Mean,BAcc
undersampling,phoneme-5,KNN,0.8499258231404392,0.6914653404332369,0.8833283733111126,0.7754110228117908,0.9247890389685998,0.7925867694150224,0.8591741745262335,0.8596827548590517
undersampling,phoneme-5,RandomForest,0.873796553260013,0.7259229114514347,0.9173878538975855,0.8102889972628624,0.9493562402771347,0.8798066366090774,0.8859349461913245,0.8865352532098317
undersampling,phoneme-5,SVM,0.7999621406790695,0.6057032836300851,0.9129793861476498,0.728213216474835,0.9042274378130543,0.7784734207830573,0.829119842668066,0.8329958721821944
