Method,Dataset,Model,Accuracy,Precision,Recall,F1_Score,ROC_AUC,PR_AUC,G_Mean,BAcc
undersampling,yeast3-5,KNN,0.8962394212394212,0.5205170201042842,0.9079545454545455,0.6605903507411116,0.9531269978949011,0.6813503574998515,0.9012725552882266,0.9013629216695254
undersampling,yeast3-5,RandomForest,0.9279097279097279,0.6176351267779839,0.9263257575757576,0.739824435377041,0.9705398119813052,0.810999625640366,0.9270791626815098,0.9272137650085762
undersampling,yeast3-5,SVM,0.9252115752115753,0.6136595744680852,0.8960227272727274,0.7274062323860451,0.9725481877089939,0.8157297563975989,0.9122362986262369,0.9124296026300744
