Method,Dataset,Model,Accuracy,Precision,Recall,F1_Score,ROC_AUC,PR_AUC,G_Mean,BAcc
undersampling,shuttle-c0-vs-c4-5,KNN,0.9994535519125683,1.0,0.992,0.9959183673469388,1.0,1.0,0.9959591794226542,0.9960000000000001
undersampling,shuttle-c0-vs-c4-5,RandomForest,1.0,1.0,1.0,1.0,1.0,1.0,1.0,1.0
undersampling,shuttle-c0-vs-c4-5,SVM,0.9978142076502732,0.9694928774928776,1.0,0.98430449102718,1.0,1.0,0.9988265450600343,0.9988278369432869
