Method,Dataset,Model,Accuracy,Precision,Recall,F1_Score,ROC_AUC,PR_AUC,G_Mean,BAcc
undersampling,glass5-5,KNN,0.7428571428571428,0.14972527472527472,1.0,0.2563492063492063,0.8121951219512196,0.1655982905982906,0.8545761843938873,0.8658536585365854
undersampling,glass5-5,RandomForest,0.8086378737541529,0.258015873015873,1.0,0.37423054070112893,0.9365853658536585,0.6277777777777778,0.8920408533121795,0.9
undersampling,glass5-5,SVM,0.8131782945736434,0.025,0.2,0.04444444444444444,0.4512195121951219,0.04368078626799557,0.16230053424013782,0.5195121951219512
